{
  "project_id": "barber-app",
  "name": "barber-app",
  "organization_id": "vrunuggwpwmwtpwdjnpu",
  "api": {
    "enabled": true,
    "port": 54321,
    "schemas": ["public", "graphql_public"],
    "extra_search_path": ["public", "extensions"],
    "max_rows": 1000
  },
  "db": {
    "port": 54322,
    "major_version": 15
  },
  "studio": {
    "port": 54323
  },
  "inbucket": {
    "port": 54324,
    "smtp_port": 54325,
    "pop3_port": 54326
  },
  "storage": {
    "file_size_limit": "50MiB"
  },
  "auth": {
    "enabled": true,
    "site_url": "https://barber-app-five.vercel.app",
    "additional_redirect_urls": [],
    "jwt_expiry": 3600,
    "enable_signup": true,
    "enable_refresh_token_rotation": true,
    "refresh_token_reuse_interval": 10,
    "mfa": {
      "max_enrolled_factors": 10,
      "totp": {
        "enroll_enabled": true,
        "verify_enabled": true
      },
      "phone": {
        "enroll_enabled": false,
        "verify_enabled": false
      }
    },
    "email": {
      "enable_signup": true,
      "double_confirm_changes": true,
      "enable_confirmations": false,
      "secure_password_change": false,
      "max_frequency": "1m0s",
      "otp_length": 6,
      "otp_expiry": 86400
    },
    "sms": {
      "enable_signup": false
    }
  }
} 